"0","# insira aqui o c√≥digo para analise dos dados"
"0",""
"0","diabetes <- read_csv(""diabetes.csv"")"
"2","[1mRows: [22m[34m403[39m [1mColumns: [22m[34m19[39m"
"2","[36m‚îÄ‚îÄ[39m [1mColumn specification[22m [36m‚îÄ‚îÄ‚îÄ‚îÄ‚îÄ‚îÄ‚îÄ‚îÄ‚îÄ‚îÄ‚îÄ‚îÄ‚îÄ‚îÄ‚îÄ‚îÄ‚îÄ‚îÄ‚îÄ‚îÄ‚îÄ‚îÄ‚îÄ‚îÄ‚îÄ‚îÄ‚îÄ‚îÄ‚îÄ‚îÄ‚îÄ‚îÄ‚îÄ‚îÄ‚îÄ‚îÄ‚îÄ‚îÄ‚îÄ‚îÄ‚îÄ‚îÄ‚îÄ‚îÄ‚îÄ‚îÄ‚îÄ‚îÄ‚îÄ‚îÄ‚îÄ‚îÄ‚îÄ‚îÄ‚îÄ‚îÄ‚îÄ‚îÄ‚îÄ‚îÄ‚îÄ‚îÄ‚îÄ‚îÄ‚îÄ‚îÄ‚îÄ‚îÄ‚îÄ‚îÄ‚îÄ‚îÄ‚îÄ‚îÄ‚îÄ‚îÄ‚îÄ‚îÄ‚îÄ‚îÄ‚îÄ‚îÄ‚îÄ‚îÄ‚îÄ‚îÄ‚îÄ‚îÄ‚îÄ‚îÄ‚îÄ‚îÄ‚îÄ[39m
[1mDelimiter:[22m "",""
[31mchr[39m  (3): location, gender, frame
[32mdbl[39m (16): id, chol, stab.glu, hdl, ratio, glyhb, age, height, weight, bp.1s, bp.1d, bp.2s, bp.2d, waist, hip, tim..."
"2","
[36m‚Ñπ[39m Use `spec()` to retrieve the full column specification for this data.
[36m‚Ñπ[39m Specify the column types or set `show_col_types = FALSE` to quiet this message."
"0","diabetes$diabetico <-"
"0","  ifelse(diabetes$glyhb >= 6.5, ""diab√©tico"", ""n√£o diab√©tico"")"
"0","diabetes$diabetico <- as.factor(diabetes$diabetico)"
"0",""
"0","diabetes_clean <- diabetes[!is.na(diabetes$hdl) & !is.na(diabetes$diabetico), ]"
"0",""
"0","# teste de shapiro para verificar distribui√ß√£o normal deve ser feito"
"0",""
"0","table(diabetes$diabetico)"
"1","
"
"1","    diab√©tico "
"1","n√£o diab√©tico "
"1","
"
"1","           65 "
"1","          325 "
"1","
"
"0","shapiro.test(diabetes$hdl[diabetes$diabetico == ""diab√©tico""])"
"1","
"
"1","	Shapiro-Wilk normality test"
"1","
"
"1","
"
"1","data:  "
"1",""
"1","diabetes$hdl[diabetes$diabetico == ""diab√©tico""]"
"1",""
"1","
"
"1","W = 0.86493, p-value = 4.169e-06"
"1","
"
"1","
"
"0","shapiro.test(diabetes$hdl[diabetes$diabetico == ""n√£o diab√©tico""])"
"1","
"
"1","	Shapiro-Wilk normality test"
"1","
"
"1","
"
"1","data:  "
"1",""
"1","diabetes$hdl[diabetes$diabetico == ""n√£o diab√©tico""]"
"1",""
"1","
"
"1","W = 0.92172, p-value = 5.574e-12"
"1","
"
"1","
"
"0","# como os dados de ambos os grupos n√£o seguem uma distribui√ß√£o normal, ser√° realizado o teste de Mann-Whitney para verificar diferen√ßa significativa entre os dois grupos:"
"0",""
"0","wilcox.test(hdl ~ diabetico, data = diabetes)"
"1","
"
"1","	Wilcoxon rank sum test with continuity correction"
"1","
"
"1","
"
"1","data:  "
"1",""
"1","hdl by diabetico"
"1",""
"1","
"
"1","W = 7897.5, p-value = 0.001459"
"1","
"
"1","alternative hypothesis: "
"1","true "
"1",""
"1","location shift"
"1",""
"1"," is "
"1",""
"1","not equal to"
"1",""
"1"," "
"1",""
"1","0"
"1",""
"1","
"
"1","
"
"0","# O resultado do teste de Mann-Whitney (Wilcoxon Rank-Sum Test) indica que h√° uma diferen√ßa estatisticamente significativa nos n√≠veis de HDL entre os grupos de diab√©ticos e n√£o diab√©ticos. O p-value de 0.001459 √© menor que o n√≠vel de signific√¢ncia padr√£o (0.05), permitindo rejeitar a hip√≥tese nula de que as distribui√ß√µes de HDL s√£o iguais nos dois grupos."
